<code_scheme name="Default" version="173">
  <JavaCodeStyleSettings>
    <option name="PACKAGES_TO_USE_IMPORT_ON_DEMAND">
      <value>
        <package name="java.awt" withSubpackages="true" static="false" />
        <package name="javax.swing" withSubpackages="true" static="false" />
      </value>
    </option>
  </JavaCodeStyleSettings>
  <codeStyleSettings language="JAVA">
    <option name="KEEP_CONTROL_STATEMENT_IN_ONE_LINE" value="false" />
    <option name="ALIGN_MULTILINE_EXTENDS_LIST" value="true" />
    <indentOptions>
      <option name="USE_TAB_CHARACTER" value="true" />
      <option name="SMART_TABS" value="true" />
      <option name="KEEP_INDENTS_ON_EMPTY_LINES" value="true" />
    </indentOptions>
  </codeStyleSettings>
</code_scheme>